,movie_name,description
0,Adhikar (1971 film)_img_3,"adhikari - a bollywood movie with hindi songs and hindi movie songs download in mp3 format, hindi movie songs download in mp3 format, hindi movie songs download in"
1,Adhikar (1971 film)_img_0,"adhikari - a bollywood movie with hindi songs and hindi movie songs download in mp3 format, hindi movie songs download in mp3 format, hindi movie songs download in"
2,Agni Rekha_img_7,agni rekha - hindi movie - hindi movie - hindi movie - hindi movie - hindi movie - hindi movie - hindi movie - hindi movie - hindi
3,Adalat (1976 film)_img_0,"the godfather indian movie poster, the godfather movie, the godfather movie poster, the godfather movie poster, the godfather movie poster, the godfather movie poster, the godfather"
4,Agent Vinod (1977 film)_img_6,the original poster of agent vinod in hindi movie poster galleryI'm not sure if this is a good thing or a bad thing.  I'm not sure if I want to be
5,Achanak (1973 film)_img_3,chupa achaar khan movie poster - shehroz khan - shehroz khan - shehroz khan - shehroz khan - she
6,Ajnabee (1974 film)_img_2,"aajanabee dvd cover, aajanabee movie, aajanabee movie, aajanabee movie, aajanabee movie, aajanabee movie, aaj"
7,Albela (1971 film)_img_0,"albela movie poster with two men and a woman in the background, with the words albela on the poster, with the words albela on the poster, with the words albel"
8,Ahsaas_img_2,aashaa - hindi movie - hindi movie - hindi movie - hindi movie - hindi movie - hindi movie - hindi movie - hindi movie - hindi movie -
9,Akele Hum Akele Tum_img_0,a movie poster of akele hum akele tum with a man and woman kissing each other on the lips and a woman holding a baby in her arms
10,Agent 009_img_3,agent 009 - hindi movie poster - agent 009 - agent 009 - agent 009 - agent 009 - agent 009 - agent 009 - agent 009 - agent 009
11,Abhinetri_img_2,abhinetri movie poster - abhinetri movie poster - abhinetri movie poster - abhinetri movie poster - abhinetri movie poster - abhinetri movie
12,Alaap_img_0,alap - aap - aap - aap - aap - aap - aap - aap - aap - aap - aap - aap - aap - a
13,Agni Rekha_img_4,agni rekha - hindi movie - hindi movie - hindi movie - hindi movie - hindi movie - hindi movie - hindi movie - hindi movie - hindi
14,Agni Rekha_img_1,agni rekha - hindi movie - hindi movie - hindi movie - hindi movie - hindi movie - hindi movie - hindi movie - hindi movie - hindi
15,Ahsaas_img_0,aashaa - hindi movie - hindi movie - hindi movie - hindi movie - hindi movie - hindi movie - hindi movie - hindi movie - hindi movie -
16,Ajnabee (1974 film)_img_0,"aajanabee dvd cover, aajanabee movie, aajanabee movie, aajanabee movie, aajanabee movie, aajanabee movie, aaj"
17,Achanak (1973 film)_img_1,chupa achaar khan movie poster - shehroz khan - shehroz khan - shehroz khan - shehroz khan - she
18,Agent Vinod (1977 film)_img_3,the original poster of agent vinod in hindi movie poster galleryI'm not sure if this is a good thing or a bad thing.  I'm not sure if I want to be
19,Abhinetri_img_0,abhinetri movie poster - abhinetri movie poster - abhinetri movie poster - abhinetri movie poster - abhinetri movie poster - abhinetri movie
20,Agent Vinod (1977 film)_img_0,the original poster of agent vinod in hindi movie poster galleryI'm not sure if this is a good thing or a bad thing.  I'm not sure if I want to be
21,Adhikar (1971 film)_img_6,"adhikari - a bollywood movie with hindi songs and hindi movie songs download in mp3 format, hindi movie songs download in mp3 format, hindi movie songs download in"
22,Albela (1971 film)_img_3,"albela movie poster with two men and a woman in the background, with the words albela on the poster, with the words albela on the poster, with the words albel"
23,Agent 009_img_1,agent 009 - hindi movie poster - agent 009 - agent 009 - agent 009 - agent 009 - agent 009 - agent 009 - agent 009 - agent 009
24,Aakhri Goli_img_6,"pakistani movie poster of akhri goli, a film directed by person, starring person, person, person, person, person, person, person, person, person, person, person,"
25,Aag Aur Daag_img_6,aag aur daga - aag aur daga - aag aur daga - aag aur daga - aag aur daga - aag aur daga - aag aur d
26,Aadmi Sadak Ka_img_0,"the poster of the movie admi sada kaka is a classic example of the indian poster art of the 1970s and 1980s person, person, person, person, person, person,"
27,Aahat (film)_img_0,aahat 1987 hindi movie download free hdrip 720p full movie watch online free download aahat 1987 hindi movie download free hdrip 720p full movie watch online free download
28,36 Ghante_img_2,"the poster of the movie ``the clock'' in hindi, which was released in the year of 1970, is a classic poster of the movie, which was released in the year of 1970, is"
29,Aakhri Daao_img_6,the movie poster of akhri dao with the name of the movie in hindi and the name of the actor in the poster of the movie in hindi
30,Aakhri Goli_img_0,"pakistani movie poster of akhri goli, a film directed by person, starring person, person, person, person, person, person, person, person, person, person, person,"
31,Aakhri Sajda_img_2,akhri saida - hindi movie - hindi movie - hindi movie - hindi movie - hindi movie - hindi movie - hindi movie - hindi movie - hindi
32,Aakhri Kasam_img_2,aakri kasam movie poster with the actors and the poster of the movie aakri kasam movie poster with the actors and the poster of the movie
33,Aakhri Daao_img_0,the movie poster of akhri dao with the name of the movie in hindi and the name of the actor in the poster of the movie in hindi
34,Aafat_img_2,"aafat movie poster with the name of the movie and the name of the actor in the poster, the name of the actress in the poster, the name of the director in the poster, the"
35,Aag Aur Daag_img_3,aag aur daga - aag aur daga - aag aur daga - aag aur daga - aag aur daga - aag aur daga - aag aur d
36,Aakhri Sajda_img_0,akhri saida - hindi movie - hindi movie - hindi movie - hindi movie - hindi movie - hindi movie - hindi movie - hindi movie - hindi
37,Aaja Sanam_img_0,aaja sanam - hindi movie poster - aaja sanam movie poster - aaja sanam movie poster - aaja sanam movie poster - aaja sanam movie poster - aaja
38,Aaj Ka Ye Ghar_img_2,aaj kya jee ghar - hindi movie - dvd - mh-one - dvd - dvd - dvd - dvd - dvd - dvd - d
39,Aaj Ki Taaza Khabar_img_3,aaj ki taaza khabar - hindi movie download - hindi movie download - hindi movie download - hindi movie download - hindi movie download - hindi movie download - hind
40,5 Rifles_img_3,"a poster for the movie 5, starring the actors of the film, in the background, and the poster for the film, in the foreground, with the words,"
41,36 Chowringhee Lane_img_0,"the cover of the movie, which is in the shape of a woman and a man in love, with the words, ``the love of my life'' written on it"
42,5 Rifles_img_1,"a poster for the movie 5, starring the actors of the film, in the background, and the poster for the film, in the foreground, with the words,"
43,Aakhri Kasam_img_0,aakri kasam movie poster with the actors and the poster of the movie aakri kasam movie poster with the actors and the poster of the movie
44,Aag Aur Daag_img_0,aag aur daga - aag aur daga - aag aur daga - aag aur daga - aag aur daga - aag aur daga - aag aur d
45,Aadat Se Majboor_img_3,"the poster of the movie adat se malabar, which was released in the year of 1971, is a classic poster of the movie adat se malabar, which was released in the"
46,Aaja Sanam_img_2,aaja sanam - hindi movie poster - aaja sanam movie poster - aaja sanam movie poster - aaja sanam movie poster - aaja sanam movie poster - aaja
47,Aakhri Daao_img_3,the movie poster of akhri dao with the name of the movie in hindi and the name of the actor in the poster of the movie in hindi
48,Aaj Ki Taaza Khabar_img_6,aaj ki taaza khabar - hindi movie download - hindi movie download - hindi movie download - hindi movie download - hindi movie download - hindi movie download - hind
49,Aaj Ka Ye Ghar_img_0,aaj kya jee ghar - hindi movie - dvd - mh-one - dvd - dvd - dvd - dvd - dvd - dvd - d
50,Aadat Se Majboor_img_1,"the poster of the movie adat se malabar, which was released in the year of 1971, is a classic poster of the movie adat se malabar, which was released in the"
51,36 Ghante_img_0,"the poster of the movie ``the clock'' in hindi, which was released in the year of 1970, is a classic poster of the movie, which was released in the year of 1970, is"
52,Aakhri Goli_img_3,"pakistani movie poster of akhri goli, a film directed by person, starring person, person, person, person, person, person, person, person, person, person, person,"
53,Aahat (film)_img_2,aahat 1987 hindi movie download free hdrip 720p full movie watch online free download aahat 1987 hindi movie download free hdrip 720p full movie watch online free download
54,Aafat_img_0,"aafat movie poster with the name of the movie and the name of the actor in the poster, the name of the actress in the poster, the name of the director in the poster, the"
55,Aaj Ki Taaza Khabar_img_0,aaj ki taaza khabar - hindi movie download - hindi movie download - hindi movie download - hindi movie download - hindi movie download - hindi movie download - hind
56,Abhimaan (1973 film)_img_0,"the poster for the film abhiman, starring an indian woman and man in a pink background, with the words,’the man who loves the woman’"
57,Aasha (1980 film)_img_0,aasha - a song from the movie aasha - a song from the movie aasha - a song from the movie aasha - a song from the movie aasha - a song from the movie
58,Aathi Parasakthi_img_0,"an old tamil movie poster with the title of the film, tamil movie, and the characters of the film, tamil movie, and the characters of the film"
59,Abhimanyu_img_40,a painting depicting the hindu god rama riding a chariot with a man on a horse and a woman on a horse in the back of the chariot
60,Abhimanyu_img_31,a painting depicting the hindu god rama riding a chariot with a man on a horse and a woman on a horse in the back of the chariot
61,Aashiq Hoon Baharon Ka_img_2,aashiqui hoon baltoon - 27 x 40 indian movie poster - style a - indian style 27 x 40 movie poster - style a
62,Abhimanyu_img_21,"an ancient manuscript with a painting of a battle scene on it, with the words in indian script on the page behind it, and a red background with a lotus flower"
63,Abhimanyu_img_30,"an ancient manuscript with a painting of a battle scene on it, with the words in indian script on the page behind it, and a red background with a lotus flower"
64,Abhimanyu_img_32,"krishna and krishna in the garden of krishna by krishna krishna, krishna images, krishna images, krishna images, krishna"
65,Abhimanyu_img_14,"krishna and krishna in the garden of krishna by krishna krishna, krishna images, krishna images, krishna images, krishna"
66,Abhimanyu_img_69,"an old cartoon depicting the death of a man in india with other men and women around him, and a man in a turban and a sword in his hand"
67,Abhimanyu_img_66,"an ancient manuscript with a painting of a battle scene on it, with the words in indian script on the page behind it, and a red background with a lotus flower"
68,Abhimanyu_img_41,"krishna and krishna in the garden of krishna by krishna krishna, krishna images, krishna images, krishna images, krishna"
69,Abhimanyu_img_67,a painting depicting the hindu god rama riding a chariot with a man on a horse and a woman on a horse in the back of the chariot
70,Abhimanyu_img_42,"an old cartoon depicting the death of a man in india with other men and women around him, and a man in a turban and a sword in his hand"
71,Abhimanyu_img_24,"an old cartoon depicting the death of a man in india with other men and women around him, and a man in a turban and a sword in his hand"
72,Abhimanyu_img_33,"an old cartoon depicting the death of a man in india with other men and women around him, and a man in a turban and a sword in his hand"
73,Abhimanyu_img_48,"an ancient manuscript with a painting of a battle scene on it, with the words in indian script on the page behind it, and a red background with a lotus flower"
74,Abhimanyu_img_39,"an ancient manuscript with a painting of a battle scene on it, with the words in indian script on the page behind it, and a red background with a lotus flower"
75,Abhimanyu_img_49,a painting depicting the hindu god rama riding a chariot with a man on a horse and a woman on a horse in the back of the chariot
76,Abhimanyu_img_51,"an old cartoon depicting the death of a man in india with other men and women around him, and a man in a turban and a sword in his hand"
77,Abhimanyu_img_12,"an ancient manuscript with a painting of a battle scene on it, with the words in indian script on the page behind it, and a red background with a lotus flower"
78,Aathi Parasakthi_img_2,"an old tamil movie poster with the title of the film, tamil movie, and the characters of the film, tamil movie, and the characters of the film"
79,Abhimanyu_img_77,"krishna and krishna in the garden of krishna by krishna krishna, krishna images, krishna images, krishna images, krishna"
80,Abhimanyu_img_5,"krishna and krishna in the garden of krishna by krishna krishna, krishna images, krishna images, krishna images, krishna"
81,Abhimanyu_img_58,a painting depicting the hindu god rama riding a chariot with a man on a horse and a woman on a horse in the back of the chariot
82,Abhimanyu_img_13,a painting depicting the hindu god rama riding a chariot with a man on a horse and a woman on a horse in the back of the chariot
83,Abhimanyu_img_68,"krishna and krishna in the garden of krishna by krishna krishna, krishna images, krishna images, krishna images, krishna"
84,Abhimanyu_img_3,"an ancient manuscript with a painting of a battle scene on it, with the words in indian script on the page behind it, and a red background with a lotus flower"
85,Abhimanyu_img_15,"an old cartoon depicting the death of a man in india with other men and women around him, and a man in a turban and a sword in his hand"
86,Abhimanyu_img_75,"an ancient manuscript with a painting of a battle scene on it, with the words in indian script on the page behind it, and a red background with a lotus flower"
87,Abhimanyu_img_22,a painting depicting the hindu god rama riding a chariot with a man on a horse and a woman on a horse in the back of the chariot
88,Abhimanyu_img_4,a painting depicting the hindu god rama riding a chariot with a man on a horse and a woman on a horse in the back of the chariot
89,Abhimanyu_img_23,"krishna and krishna in the garden of krishna by krishna krishna, krishna images, krishna images, krishna images, krishna"
90,Abhimanyu_img_60,"an old cartoon depicting the death of a man in india with other men and women around him, and a man in a turban and a sword in his hand"
91,Abhimanyu_img_78,"an old cartoon depicting the death of a man in india with other men and women around him, and a man in a turban and a sword in his hand"
92,Abdullah (1980 film)_img_0,kalabhushan - the movie - hindi movie download - kalabhushan movie download - kalabhushan movie download - kalabhushan movie
93,Abhimanyu_img_50,"krishna and krishna in the garden of krishna by krishna krishna, krishna images, krishna images, krishna images, krishna"
94,Abhimanyu_img_57,"an ancient manuscript with a painting of a battle scene on it, with the words in indian script on the page behind it, and a red background with a lotus flower"
95,Aashiq Hoon Baharon Ka_img_0,aashiqui hoon baltoon - 27 x 40 indian movie poster - style a - indian style 27 x 40 movie poster - style a
96,Abhimanyu_img_59,"krishna and krishna in the garden of krishna by krishna krishna, krishna images, krishna images, krishna images, krishna"
97,Abhimanyu_img_6,"an old cartoon depicting the death of a man in india with other men and women around him, and a man in a turban and a sword in his hand"
98,Abhimanyu_img_76,a painting depicting the hindu god rama riding a chariot with a man on a horse and a woman on a horse in the back of the chariot
99,Aansoo Aur Muskan_img_7,ansoo a muskkan hindi movie poster - ansoo a muskkan movie poster - ansoo a muskkan movie poster - ansoo a muskkan movie
100,Aakraman_img_7,"aakraman - a movie poster from the 1970s, showing two men in military uniforms, one of them with a gun in his hand, and a woman in a red dress"
101,Aandhi_img_1,the beautiful building is surrounded by mountains and grassy fields in the background of the mountains in the background of the mountains in the background of the mountains in the background of the mountains in the background of the
102,Aap Ke Deewane_img_2,aap ke deewane - 27 x 40 movie poster - indian style aap ke deewane movie poster - 27 x 40 movie poster - indian style
103,Aandhi_img_25,the beautiful building is surrounded by mountains and grassy fields in the background of the mountains in the background of the mountains in the background of the mountains in the background of the mountains in the background of the
104,Aandhi_img_19,the beautiful building is surrounded by mountains and grassy fields in the background of the mountains in the background of the mountains in the background of the mountains in the background of the mountains in the background of the
105,Aap Aye Bahaar Ayee_img_0,"aap ae bahar aye bollywood movie poster, aap ae bahar aye, aap ae bahar aye, aap ae bah"
106,Aap Ki Kasam_img_0,aap ke aap - 27 x 40 movie poster - indian style a-frame poster - indian movie poster - movie poster - movie poster - movie poster - movie poster - movie poster -
107,Aandhi_img_26,anandhi movie poster - anandhi movie poster - anandhi movie poster - anandhi movie poster - anandhi movie poster - anandhi movie poster - anandhi movie
108,Aan Milo Sajna_img_1,anil milo sajaan - hindi movie poster - a 11 x 17 indian movie poster style a - style b - style movie poster - movie poster - movie poster
109,Aandhi_img_8,anandhi movie poster - anandhi movie poster - anandhi movie poster - anandhi movie poster - anandhi movie poster - anandhi movie poster - anandhi movie
110,Aandhi_img_23,a large stone building with steps and a roof on top of it.
111,Aan Milo Sajna_img_3,anil milo sajaan - hindi movie poster - a 11 x 17 indian movie poster style a - style b - style movie poster - movie poster - movie poster
112,Aandhi_img_32,anandhi movie poster - anandhi movie poster - anandhi movie poster - anandhi movie poster - anandhi movie poster - anandhi movie poster - anandhi movie
113,Aandhi_img_2,anandhi movie poster - anandhi movie poster - anandhi movie poster - anandhi movie poster - anandhi movie poster - anandhi movie poster - anandhi movie
114,Aandhi_img_5,a large stone building with steps and a roof on top of it.
115,Aansoo Aur Muskan_img_1,ansoo a muskkan hindi movie poster - ansoo a muskkan movie poster - ansoo a muskkan movie poster - ansoo a muskkan movie
116,Aandhi_img_31,the beautiful building is surrounded by mountains and grassy fields in the background of the mountains in the background of the mountains in the background of the mountains in the background of the mountains in the background of the
117,Aandhi_img_20,anandhi movie poster - anandhi movie poster - anandhi movie poster - anandhi movie poster - anandhi movie poster - anandhi movie poster - anandhi movie
118,Aandhi_img_29,a large stone building with steps and a roof on top of it.
119,Aandhi_img_13,the beautiful building is surrounded by mountains and grassy fields in the background of the mountains in the background of the mountains in the background of the mountains in the background of the mountains in the background of the
120,Aandhi_img_17,a large stone building with steps and a roof on top of it.
121,Aakraman_img_1,"aakraman - a movie poster from the 1970s, showing two men in military uniforms, one of them with a gun in his hand, and a woman in a red dress"
122,Aandhi_img_14,anandhi movie poster - anandhi movie poster - anandhi movie poster - anandhi movie poster - anandhi movie poster - anandhi movie poster - anandhi movie
123,Aandhi_img_35,a large stone building with steps and a roof on top of it.
124,Aap Ki Kasam_img_2,aap ke aap - 27 x 40 movie poster - indian style a-frame poster - indian movie poster - movie poster - movie poster - movie poster - movie poster - movie poster -
125,Aansoo Aur Muskan_img_4,ansoo a muskkan hindi movie poster - ansoo a muskkan movie poster - ansoo a muskkan movie poster - ansoo a muskkan movie
126,Aap Ke Deewane_img_0,aap ke deewane - 27 x 40 movie poster - indian style aap ke deewane movie poster - 27 x 40 movie poster - indian style
127,Aakrosh (1980 film)_img_0,akkosh with english subtitles dvdrip download free hdrip movie download free movie download free movie download free movie download free movie download free movie download free movie download free movie download free movie download
128,Aap Aye Bahaar Ayee_img_2,"aap ae bahar aye bollywood movie poster, aap ae bahar aye, aap ae bahar aye, aap ae bah"
129,Aandhi_img_11,a large stone building with steps and a roof on top of it.
130,Aandhi_img_7,the beautiful building is surrounded by mountains and grassy fields in the background of the mountains in the background of the mountains in the background of the mountains in the background of the mountains in the background of the
131,Aakraman_img_4,"aakraman - a movie poster from the 1970s, showing two men in military uniforms, one of them with a gun in his hand, and a woman in a red dress"
